<keymap version="1" name="macOS copy" parent="Mac OS X 10.5+">
  <action id="ActivateBookmarksToolWindow" />
  <action id="ActivateCommitToolWindow">
    <keyboard-shortcut first-keystroke="alt 4" />
  </action>
  <action id="ActivateDatabaseToolWindow">
    <keyboard-shortcut first-keystroke="alt 9" />
  </action>
  <action id="ActivateDebugToolWindow" />
  <action id="ActivateFindToolWindow" />
  <action id="ActivateGitHubCopilotChatToolWindow">
    <keyboard-shortcut first-keystroke="alt 5" />
  </action>
  <action id="ActivateProblemsViewToolWindow" />
  <action id="ActivateProjectToolWindow">
    <keyboard-shortcut first-keystroke="alt 1" />
  </action>
  <action id="ActivateRunToolWindow">
    <keyboard-shortcut first-keystroke="alt 7" />
  </action>
  <action id="ActivateServicesToolWindow" />
  <action id="ActivateStructureToolWindow" />
  <action id="ActivateTODOToolWindow">
    <keyboard-shortcut first-keystroke="alt 8" />
  </action>
  <action id="ActivateTerminalToolWindow">
    <keyboard-shortcut first-keystroke="alt 2" />
  </action>
  <action id="ActivateVersionControlToolWindow">
    <keyboard-shortcut first-keystroke="alt 3" />
  </action>
  <action id="ActivatenpmToolWindow">
    <keyboard-shortcut first-keystroke="alt 6" />
  </action>
  <action id="AddToFavoritesPopup" />
  <action id="Back">
    <keyboard-shortcut first-keystroke="meta open_bracket" />
    <mouse-shortcut keystroke="button4" />
  </action>
  <action id="ChangesView.GroupBy.Directory">
    <keyboard-shortcut first-keystroke="ctrl g" />
  </action>
  <action id="ClearAllNotifications">
    <keyboard-shortcut first-keystroke="meta l" />
  </action>
  <action id="CodeCompletion">
    <keyboard-shortcut first-keystroke="shift space" />
  </action>
  <action id="Console.TableResult.SelectRow" />
  <action id="Diff.NextConflict">
    <keyboard-shortcut first-keystroke="meta down" />
  </action>
  <action id="Diff.PreviousConflict">
    <keyboard-shortcut first-keystroke="meta up" />
  </action>
  <action id="EditSource">
    <keyboard-shortcut first-keystroke="meta down" />
    <keyboard-shortcut first-keystroke="f4" />
    <keyboard-shortcut first-keystroke="meta alt down" />
  </action>
  <action id="EditorCompleteStatement" />
  <action id="EditorStartNewLineBefore">
    <keyboard-shortcut first-keystroke="shift meta enter" />
  </action>
  <action id="FindUsages">
    <keyboard-shortcut first-keystroke="shift alt f" />
  </action>
  <action id="Forward">
    <keyboard-shortcut first-keystroke="meta close_bracket" />
    <mouse-shortcut keystroke="button5" />
  </action>
  <action id="GotoClass" />
  <action id="GotoLine" />
  <action id="GotoRow" />
  <action id="GotoTest" />
  <action id="MarkNotificationsAsRead">
    <keyboard-shortcut first-keystroke="alt escape" />
  </action>
  <action id="MoveEditorToOppositeTabGroup">
    <keyboard-shortcut first-keystroke="shift meta alt right" />
  </action>
  <action id="MoveElementLeft" />
  <action id="MoveElementRight" />
  <action id="MoveTabRight">
    <keyboard-shortcut first-keystroke="shift meta alt up" />
  </action>
  <action id="NewElement">
    <keyboard-shortcut first-keystroke="meta n" />
    <keyboard-shortcut first-keystroke="ctrl enter" />
    <mouse-shortcut keystroke="alt button1" />
  </action>
  <action id="NextDiff">
    <keyboard-shortcut first-keystroke="meta down" />
  </action>
  <action id="NextTab">
    <keyboard-shortcut first-keystroke="meta alt right" />
  </action>
  <action id="OpenFile">
    <keyboard-shortcut first-keystroke="meta o" />
  </action>
  <action id="PinActiveEditorTab">
    <keyboard-shortcut first-keystroke="meta alt w" />
  </action>
  <action id="PreviousDiff">
    <keyboard-shortcut first-keystroke="shift f7" />
    <keyboard-shortcut first-keystroke="meta up" />
  </action>
  <action id="PreviousTab">
    <keyboard-shortcut first-keystroke="meta alt left" />
  </action>
  <action id="RenameElement">
    <keyboard-shortcut first-keystroke="alt r" />
    <keyboard-shortcut first-keystroke="f2" />
  </action>
  <action id="ReopenClosedTab">
    <keyboard-shortcut first-keystroke="shift meta t" />
  </action>
  <action id="ServiceView.ShowServices" />
  <action id="Terminal.ClearBuffer">
    <keyboard-shortcut first-keystroke="meta k" />
  </action>
  <action id="Terminal.SmartCommandExecution.Debug" />
  <action id="Unsplit">
    <keyboard-shortcut first-keystroke="shift meta alt down" />
  </action>
  <action id="Vcs.Log.FocusTextFilter" />
  <action id="Vcs.QuickListPopupAction">
    <keyboard-shortcut first-keystroke="alt t" />
  </action>
  <action id="Vcs.UpdateProject" />
  <action id="meme.machine" />
</keymap>