<application>
  <component name="FileTypeManager" version="18">
    <extensionMap>
      <mapping pattern="ReqResAreaContainer.tsx" type="AUTO_DETECTED" />
      <mapping pattern="env" type="AUTO_DETECTED" />
      <mapping ext="" type="GitIgnore file" />
      <mapping pattern=".stylelintrc-backup" type="PLAIN_TEXT" />
      <mapping ext="mdx" type="PLAIN_TEXT" />
      <mapping ext="kt" type="TypeScript JSX" />
      <removed_mapping ext="csv" approved="true" type="CSV file" />
      <removed_mapping ext="csv" approved="true" type="CSV/TSV" />
      <removed_mapping ext="dockerignore" approved="true" type="DockerIgnore file" />
      <removed_mapping ext="ignore" approved="true" type="IgnoreLang file" />
      <removed_mapping ext="mdx" approved="true" type="MDX" />
      <removed_mapping ext="pdf" approved="true" type="Native" />
      <removed_mapping ext="tsv" approved="true" type="CSV/TSV" />
      <removed_mapping pattern=".env" approved="true" type=".env file" />
    </extensionMap>
  </component>
</application>