<application>
  <component name="ExportableFileTemplateSettings">
    <includes_templates>
      <template name="PHP Class Doc Comment.php" reformat="true" live-template-enabled="false" enabled="false" />
      <template name="PHP File Header.php" reformat="true" live-template-enabled="false" enabled="false" />
      <template name="PHP Function Doc Comment.php" reformat="true" live-template-enabled="false" enabled="false" />
      <template name="PHP Interface Doc Comment.php" reformat="true" live-template-enabled="false" enabled="false" />
      <template name="PHP Property Doc Comment.php" reformat="true" live-template-enabled="false" enabled="false" />
      <template name="PHP Trait Doc Comment.php" reformat="true" live-template-enabled="false" enabled="false" />
    </includes_templates>
    <default_templates>
      <template name="actions.ts" file-name="actions" reformat="true" live-template-enabled="true" />
      <template name="creducer.ts" file-name="reducer" reformat="true" live-template-enabled="true" />
      <template name="csagas.ts" file-name="sagas" reformat="true" live-template-enabled="true" />
      <template name="index.ts" file-name="index" reformat="true" live-template-enabled="true" />
      <template name="reducer.ts" file-name="reducer" reformat="true" live-template-enabled="true" />
      <template name="rfc.tsx" reformat="true" live-template-enabled="true">
        <template name="rfc.tsx.child.0.ts" file-name="index" reformat="true" live-template-enabled="true" />
      </template>
      <template name="rfc.tsx.child.0.ts" file-name="index" reformat="true" live-template-enabled="true" />
      <template name="rfcf.tsx" reformat="true" live-template-enabled="true">
        <template name="rfcf.tsx.child.2.ts" file-name="reducer" reformat="true" live-template-enabled="true" />
        <template name="rfcf.tsx.child.3.ts" file-name="index" reformat="true" live-template-enabled="true" />
        <template name="rfcf.tsx.child.4.ts" file-name="sagas" reformat="true" live-template-enabled="true" />
        <template name="rfcf.tsx.child.0.ts" file-name="selector" reformat="true" live-template-enabled="true" />
        <template name="rfcf.tsx.child.1.ts" file-name="actions" reformat="true" live-template-enabled="true" />
      </template>
      <template name="rfcf.tsx.child.0.ts" file-name="selector" reformat="true" live-template-enabled="true" />
      <template name="rfcf.tsx.child.1.ts" file-name="actions" reformat="true" live-template-enabled="true" />
      <template name="rfcf.tsx.child.2.ts" file-name="reducer" reformat="true" live-template-enabled="true" />
      <template name="rfcf.tsx.child.3.ts" file-name="index" reformat="true" live-template-enabled="true" />
      <template name="rfcf.tsx.child.4.ts" file-name="sagas" reformat="true" live-template-enabled="true" />
      <template name="rfcp.tsx" reformat="true" live-template-enabled="true">
        <template name="rfcp.tsx.child.0.ts" file-name="index" reformat="true" live-template-enabled="true" />
      </template>
      <template name="rfcp.tsx.child.0.ts" file-name="index" reformat="true" live-template-enabled="true" />
      <template name="rfcpf.tsx" reformat="true" live-template-enabled="true">
        <template name="rfcpf.tsx.child.3.ts" file-name="index" reformat="true" live-template-enabled="true" />
        <template name="rfcpf.tsx.child.2.ts" file-name="reducer" reformat="true" live-template-enabled="true" />
        <template name="rfcpf.tsx.child.1.ts" file-name="actions" reformat="true" live-template-enabled="true" />
        <template name="rfcpf.tsx.child.0.ts" file-name="selector" reformat="true" live-template-enabled="true" />
        <template name="rfcpf.tsx.child.4.ts" file-name="sagas" reformat="true" live-template-enabled="true" />
      </template>
      <template name="rfcpf.tsx.child.0.ts" file-name="selector" reformat="true" live-template-enabled="true" />
      <template name="rfcpf.tsx.child.1.ts" file-name="actions" reformat="true" live-template-enabled="true" />
      <template name="rfcpf.tsx.child.2.ts" file-name="reducer" reformat="true" live-template-enabled="true" />
      <template name="rfcpf.tsx.child.3.ts" file-name="index" reformat="true" live-template-enabled="true" />
      <template name="rfcpf.tsx.child.4.ts" file-name="sagas" reformat="true" live-template-enabled="true" />
      <template name="routes.tsx" file-name="routes.tsx" reformat="true" live-template-enabled="true" />
      <template name="sagas.ts" file-name="sagas" reformat="true" live-template-enabled="true" />
      <template name="selector.ts" file-name="selector" reformat="true" live-template-enabled="true" />
      <template name="stylesSx.ts" file-name="styles" reformat="true" live-template-enabled="true" />
    </default_templates>
  </component>
</application>