<application>
  <component name="FindSettings">
    <option name="customScope" value="Project Files" />
    <option name="defaultScopeName" value="Project Files" />
    <option name="SEARCH_SCOPE" value="Project Files" />
    <option name="FILE_MASK" value="*.tsx, *.ts, *.json" />
    <mask>*.xml</mask>
    <mask>*.css</mask>
    <mask>*.shtml</mask>
    <mask>*.shtm</mask>
    <mask>*.ng</mask>
    <mask>*.htm</mask>
    <mask>*.sht</mask>
    <mask>*.html</mask>
    <mask>*.ats</mask>
    <mask>*.ts</mask>
    <mask>*.cjs</mask>
    <mask>*.mdx</mask>
    <mask>*.tsx</mask>
    <mask>*.tsx, *.json</mask>
    <mask>reducer.ts</mask>
    <mask>sagas.ts</mask>
    <mask>styles.ts</mask>
    <mask>selector.ts</mask>
    <mask>*.md</mask>
    <mask>routes.ts</mask>
    <mask>routes.tsx</mask>
    <mask>actions.ts</mask>
    <mask>*.js</mask>
    <mask>*.tsx, *.ts</mask>
    <mask>*.tsx, *.ts, *.json</mask>
  </component>
</application>