<application>
  <component name="GraziConfig">
    <option name="enabledLanguages">
      <set>
        <option value="English (US)" />
        <option value="Russian" />
      </set>
    </option>
    <option name="suppressingContext">
      <SuppressingContext>
        <option name="suppressed">
          <set>
            <option value="от инпута" />
            <option value="WalletsList" />
            <option value="алерт" />
            <option value="Left|Left hideable panel doesn't dismount; it decreases its width to 4px" />
            <option value="WalletsRow" />
            <option value="common|common filters locators" />
            <option value="note|creating 4 separate abstractions with different implementations note that abstractions are not coupled to implementations" />
            <option value="the|file preview isn't available right of the bat because the backend needs time to process the file, and since we don't have a way to know when it will be processed, we don't wait for it and just check the that the placeholder is visible" />
            <option value="с инпутами" />
            <option value="principle aims" />
            <option value="в реф" />
            <option value="реф" />
            <option value="Чтобы срабатывало только когда состояние open управляется" />
          </set>
        </option>
      </SuppressingContext>
    </option>
  </component>
</application>