<application>
  <component name="GeneralSettings">
    <option name="showTipsOnStartup" value="false" />
    <option name="reopenLastProject" value="false" />
    <option name="autoSaveIfInactive" value="true" />
    <option name="confirmOpenNewProject2" value="-1" />
    <option name="inactiveTimeout" value="60" />
  </component>
  <component name="Registry">
    <entry key="ide.experimental.ui" value="true" />
    <entry key="ide.experimental.ui.toolwindow.stripes" value="true" />
    <entry key="ide.balloon.shadow.size" value="0" />
    <entry key="debugger.new.tool.window.layout" value="true" />
    <entry key="ide.experimental.ui.inter.font" value="false" />
    <entry key="idea.plugins.compatible.build" value="" />
    <entry key="ide.editor.tab.selection.animation" value="true" />
    <entry key="ide.new.editor.tabs.vertical.borders" value="true" />
    <entry key="ide.animate.toolwindows" value="true" />
    <entry key="editor.focus.mode.color.light" value="474747" />
    <entry key="editor.focus.mode.color.dark" value="474747" />
  </component>
  <component name="StatusBar">
    <option name="widgets">
      <map>
        <entry key="CwmWireStatsWidgetFactory" value="false" />
        <entry key="Encoding" value="false" />
        <entry key="FlowJSInfo" value="false" />
        <entry key="LineSeparator" value="false" />
        <entry key="Memory" value="true" />
        <entry key="ReadOnlyAttribute" value="false" />
        <entry key="TypeScriptInfo" value="false" />
        <entry key="com.github.copilot" value="false" />
        <entry key="com.github.copilot.status.widget" value="false" />
        <entry key="com.intellij.psi.codeStyle.statusbar.CodeStyleStatusBarWidget" value="false" />
        <entry key="git" value="true" />
        <entry key="github.copilot.statusBarWidgetFactory" value="false" />
        <entry key="io.unthrottled.amii.personality.MoodStatusBarProvider" value="false" />
        <entry key="mtProjectFactory" value="false" />
        <entry key="mtStatusBar" value="false" />
        <entry key="mtThemeFactory" value="false" />
        <entry key="php.debug.status.widget" value="false" />
        <entry key="php.language.level.widget" value="false" />
        <entry key="webDeployment.default.server.widget" value="false" />
      </map>
    </option>
  </component>
</application>