<application>
  <component name="MaterialThemeConfig">
    <option name="compactTables" value="true" />
    <option name="compactDropdowns" value="true" />
    <option name="compactSidebar" value="true" />
    <option name="isCompactMenus" value="true" />
    <option name="isCompactStatusBar" value="true" />
    <option name="isCompactTables" value="true" />
    <option name="isCompactFields" value="true" />
    <option name="customListItemsSizeEnabled" value="true" />
    <option name="isWizardShown" value="true" />
    <option name="isShowWizardOnWelcome" value="false" />
    <option name="pristineConfig" value="false" />
    <option name="useMaterialFont2" value="true" />
    <option name="customSidebarHeight" value="22" />
    <option name="customListItemsSize" value="22" />
    <option name="tabsHeight" value="24" />
    <option name="accentColor" value="ff9800" />
    <option name="selectedTheme" value="DARKER" />
    <option name="userId" value="752811c6:18100cab141:-8000" />
    <option name="version" value="8.12.6" />
    <option name="showWhatsNew" value="false" />
  </component>
</application>